,Date,Contest_number,Word,Number_of_reported_results,Number_in_hard_mode,ratie_hard_normal,1try,2tries,3tries,4tries,5tries,6tries,7tries,word_freq,num of repeated letters
0,2022-01-07,202,slump,80630,1362,0.01689197569142999,1.0,3.0,23.0,39.0,24.0,9.0,1.0,0.0008784856257480967,0.0
1,2022-01-08,203,crank,101503,1763,0.017368944760253392,1.0,5.0,23.0,31.0,24.0,14.000000000000002,2.0,0.002213794201406191,0.0
2,2022-01-09,204,gorge,91477,1913,0.020912360484056102,1.0,3.0,13.0,27.0,30.0,22.0,4.0,0.0019736786466130565,1.0
3,2022-01-10,205,query,107134,2242,0.02092706330389979,1.0,4.0,16.0,30.0,30.0,17.0,2.0,0.0319534246710444,0.0
4,2022-01-11,206,drink,153880,3017,0.019606186638939434,0.9900990099009901,8.91089108910891,34.65346534653465,33.663366336633665,15.841584158415841,4.9504950495049505,0.9900990099009901,0.02987937832755884,0.0
5,2022-01-12,207,favor,137586,3073,0.022335121305946826,1.0,4.0,15.0,26.0,28.999999999999996,21.0,4.0,0.012109540559933216,0.0
6,2022-01-13,208,abbey,132726,3345,0.025202296460377017,1.0101010101010102,2.0202020202020203,13.131313131313133,29.292929292929294,31.313131313131315,20.2020202020202,3.0303030303030303,0.00429834682682819,1.0
7,2022-01-14,209,tangy,169484,3985,0.02351254395695169,1.0,4.0,21.0,30.0,24.0,15.0,5.0,0.00032146769897018764,0.0
8,2022-01-15,210,panic,205880,4655,0.022610258402953175,0.9900990099009901,8.91089108910891,34.65346534653465,33.663366336633665,15.841584158415841,4.9504950495049505,0.9900990099009901,0.006517723257022007,0.0
9,2022-01-16,211,solar,209609,4955,0.023639252131349323,1.0,9.0,32.0,32.0,18.0,7.000000000000001,1.0,0.02085384338674904,0.0
10,2022-01-17,212,shire,222197,5640,0.025382880956988617,0.9900990099009901,7.920792079207921,31.683168316831683,31.683168316831683,17.82178217821782,7.920792079207921,1.9801980198019802,0.0027042300994297454,0.0
11,2022-01-18,213,proxy,220950,6206,0.028087802670287397,0.9900990099009901,1.9801980198019802,10.891089108910892,23.762376237623762,30.693069306930692,25.742574257425744,5.9405940594059405,0.010990663436189374,0.0
12,2022-01-19,214,point,280622,7094,0.02527955755429011,1.0101010101010102,16.161616161616163,37.37373737373738,28.28282828282828,12.121212121212121,4.040404040404041,1.0101010101010102,0.17937203963086057,0.0
13,2022-01-20,215,robot,243964,6589,0.027008083159810462,0.9900990099009901,7.920792079207921,28.71287128712871,33.663366336633665,19.801980198019802,7.920792079207921,0.9900990099009901,0.012915386692623723,1.0
14,2022-01-21,216,prick,273727,7409,0.027067114314627348,1.0101010101010102,8.080808080808081,30.303030303030305,33.33333333333333,19.19191919191919,7.07070707070707,1.0101010101010102,0.000891442692128457,0.0
15,2022-01-22,217,wince,241489,6850,0.02836568125256223,0.9900990099009901,2.9702970297029703,16.831683168316832,32.67326732673268,28.71287128712871,14.85148514851485,2.9702970297029703,0.0007133489491635715,0.0
16,2022-01-23,218,crimp,269929,7630,0.02826669235243342,1.0,5.0,28.000000000000004,38.0,20.0,7.000000000000001,1.0,0.0006353357177381069,0.0
17,2022-01-24,219,knoll,258038,8317,0.032231686805819296,1.0,1.0,11.0,28.999999999999996,33.0,21.0,4.0,0.0009676520726183374,1.0
18,2022-01-25,220,sugar,276404,8708,0.03150460919523596,1.0101010101010102,6.0606060606060606,25.252525252525253,34.34343434343434,23.232323232323232,9.090909090909092,1.0101010101010102,0.02292499232660719,0.0
19,2022-01-26,221,whack,302348,10163,0.03361358434651461,1.0,4.0,22.0,37.0,24.0,10.0,2.0,0.0007223549176872924,0.0
20,2022-01-27,222,mount,331844,11451,0.03450717807162402,1.0101010101010102,9.090909090909092,29.292929292929294,33.33333333333333,19.19191919191919,7.07070707070707,1.0101010101010102,0.037435442129613125,0.0
21,2022-01-28,223,perky,296968,11148,0.037539398184316154,1.0,4.0,17.0,30.0,27.0,17.0,4.0,0.0013704310352911171,0.0
22,2022-01-29,224,could,313220,11592,0.037009130962262944,0.9900990099009901,6.9306930693069315,28.71287128712871,34.65346534653465,19.801980198019802,7.920792079207921,0.9900990099009901,0.30894635406083254,0.0
23,2022-01-30,225,wrung,294687,11524,0.03910589880110083,0.0,2.0,18.0,39.0,27.0,12.0,2.0,0.00010431164064611692,0.0
24,2022-01-31,226,light,341314,13347,0.03910475398020591,1.0101010101010102,10.1010101010101,25.252525252525253,27.27272727272727,19.19191919191919,12.121212121212121,5.05050505050505,0.12946901245983206,0.0
25,2022-02-01,227,those,351663,13606,0.03869045080090883,1.0,13.0,34.0,30.0,15.0,6.0,1.0,0.27593814058585653,0.0
26,2022-02-02,228,moist,361908,14205,0.03925030670778209,2.9702970297029703,12.871287128712872,31.683168316831683,28.71287128712871,15.841584158415841,6.9306930693069315,0.9900990099009901,0.0021681184472911053,0.0
27,2022-02-03,229,shard,358176,14609,0.04078721075672295,0.9900990099009901,6.9306930693069315,21.782178217821784,27.722772277227726,24.752475247524753,13.861386138613863,3.9603960396039604,0.00027424053084931305,0.0
28,2022-02-04,230,pleat,359679,14813,0.041183944572799634,1.0,10.0,28.000000000000004,31.0,19.0,9.0,2.0,0.0002531891305257083,0.0
29,2022-02-05,231,aloft,319698,13708,0.04287796608048846,0.9900990099009901,3.9603960396039604,21.782178217821784,35.64356435643564,24.752475247524753,10.891089108910892,1.9801980198019802,0.000488775128748583,0.0
30,2022-02-06,232,skill,311018,13716,0.04410034145933676,1.0,3.0,17.0,33.0,27.0,16.0,3.0,0.01616412120559892,1.0
31,2022-02-07,233,elder,288228,13340,0.04628280389136378,1.0,3.0,13.0,24.0,30.0,24.0,5.0,0.007440630628331104,1.0
32,2022-02-08,234,frame,336236,15369,0.045708966321274344,1.0101010101010102,10.1010101010101,20.2020202020202,24.242424242424242,24.242424242424242,17.17171717171717,3.0303030303030303,0.04707478308628624,0.0
33,2022-02-09,235,humor,305372,13846,0.04534141964554707,1.0,5.0,22.0,34.0,25.0,11.0,2.0,0.018464076116990618,0.0
34,2022-02-10,236,pause,304830,13480,0.04422136928779976,1.0,8.0,26.0,32.0,21.0,10.0,2.0,0.004688197339452731,0.0
35,2022-02-11,237,ulcer,278826,10631,0.038127721231162086,1.0,4.0,18.0,30.0,28.000000000000004,16.0,3.0,0.001346511869684085,0.0
36,2022-02-12,238,ultra,269885,9310,0.034496174296459604,1.0,7.000000000000001,23.0,34.0,24.0,10.0,1.0,0.02225531087825082,0.0
37,2022-02-13,239,robin,277471,3249,0.011709331786024485,1.0,6.0,28.999999999999996,34.0,21.0,8.0,1.0,0.011655891978865102,0.0
38,2022-02-14,240,cynic,261521,10343,0.03954940521028904,1.0,6.0,25.0,33.0,22.0,11.0,2.0,0.0005179678755610622,1.0
39,2022-02-15,241,aroma,287836,10343,0.03593365666560124,1.0,6.0,25.0,33.0,22.0,11.0,2.0,0.0020436997452814285,1.0
40,2022-02-16,242,caulk,289721,10740,0.03707014679640067,1.0,4.0,20.0,31.0,26.0,15.0,3.0,0.00023184339078598563,0.0
41,2022-02-17,243,shake,342003,12767,0.03733008189986638,1.0,6.0,16.0,23.0,24.0,21.0,9.0,0.006970350848240462,0.0
42,2022-02-18,244,dodge,265238,10220,0.03853143214773147,0.9900990099009901,2.9702970297029703,14.85148514851485,28.71287128712871,26.732673267326735,18.81188118811881,6.9306930693069315,0.0150740770804923,1.0
43,2022-02-19,245,swill,282327,11241,0.03981553305209916,1.0,1.0,8.0,19.0,31.0,30.0,10.0,7.454350115560159e-05,1.0
44,2022-02-20,246,tacit,273306,11094,0.040591864064455224,0.9900990099009901,3.9603960396039604,20.792079207920793,31.683168316831683,25.742574257425744,13.861386138613863,2.9702970297029703,0.0005878213642841449,1.0
45,2022-02-21,247,other,278731,10887,0.03905916457085864,1.0101010101010102,9.090909090909092,26.262626262626267,30.303030303030305,21.21212121212121,10.1010101010101,2.0202020202020203,1.0,0.0
46,2022-02-22,248,thorn,306356,11814,0.03856297901787463,1.0101010101010102,14.14141414141414,38.38383838383838,30.303030303030305,12.121212121212121,4.040404040404041,0.0,0.0014334523747199337,0.0
47,2022-02-23,249,trove,277576,11411,0.0411094619131337,0.9900990099009901,4.9504950495049505,15.841584158415841,23.762376237623762,24.752475247524753,21.782178217821784,7.920792079207921,0.0006982988024908166,0.0
48,2022-02-24,250,bloke,250674,10405,0.04150809417809585,1.0101010101010102,6.0606060606060606,21.21212121212121,32.323232323232325,25.252525252525253,12.121212121212121,2.0202020202020203,0.0007641265864913691,0.0
49,2022-02-25,251,vivid,255907,11687,0.04566893441758139,1.0,2.0,10.0,28.999999999999996,33.0,21.0,4.0,0.004558602147364452,2.0
50,2022-02-26,252,spill,248363,10087,0.040613940079641496,1.0,5.0,26.0,34.0,22.0,10.0,2.0,0.003956772066494443,1.0
51,2022-02-27,253,chant,250413,10438,0.04168313945362261,1.0,9.0,33.0,33.0,16.0,7.000000000000001,1.0,0.001385167424322385,0.0
52,2022-02-28,254,choke,251094,10521,0.04190064278716337,1.0,8.0,30.0,36.0,18.0,6.0,1.0,0.001460508094729973,0.0
53,2022-03-01,255,rupee,240137,10577,0.044045690584957754,1.0,2.0,17.0,35.0,30.0,13.0,2.0,0.0028743490838391843,1.0
54,2022-03-02,256,nasty,257304,10813,0.042024220377452355,1.0101010101010102,7.07070707070707,26.262626262626267,31.313131313131315,21.21212121212121,11.11111111111111,2.0202020202020203,0.007578987528108201,0.0
55,2022-03-03,257,mourn,240018,10465,0.04360089659942171,1.0,8.0,28.999999999999996,34.0,19.0,8.0,1.0,0.0007766431657594139,0.0
56,2022-03-04,258,ahead,203730,9396,0.0461198645265793,0.9900990099009901,4.9504950495049505,19.801980198019802,34.65346534653465,25.742574257425744,11.881188118811881,1.9801980198019802,0.028980398297951664,1.0
57,2022-03-05,259,brine,229895,10405,0.04525979251397377,0.9900990099009901,8.91089108910891,24.752475247524753,28.71287128712871,21.782178217821784,11.881188118811881,2.9702970297029703,0.0008144504505526516,0.0
58,2022-03-06,260,cloth,218595,9911,0.04533955488460395,0.9900990099009901,7.920792079207921,32.67326732673268,33.663366336633665,16.831683168316832,6.9306930693069315,0.9900990099009901,0.009959549537029905,0.0
59,2022-03-07,261,hoard,218595,9823,0.04493698392003477,0.9900990099009901,8.91089108910891,29.7029702970297,33.663366336633665,18.81188118811881,6.9306930693069315,0.9900990099009901,0.0004234000960026842,0.0
60,2022-03-08,262,sweet,207473,9767,0.0470760050705393,1.0,5.0,18.0,31.0,28.000000000000004,15.0,2.0,0.03300365428006176,1.0
61,2022-03-09,263,month,201799,9435,0.04675444377821496,1.0,5.0,26.0,37.0,22.0,8.0,1.0,0.12571652319025398,0.0
62,2022-03-10,264,lapse,208884,9960,0.04768196702476015,0.0,8.0,31.0,34.0,19.0,7.000000000000001,1.0,0.0014721549419038635,0.0
63,2022-03-11,265,watch,226349,12400,0.054782658637767344,1.0,6.0,14.000000000000002,18.0,17.0,24.0,20.0,0.09401270038810133,0.0
64,2022-03-12,266,today,192049,9353,0.04870111273685362,1.0,7.000000000000001,28.999999999999996,35.0,20.0,7.000000000000001,1.0,0.24451849431387093,0.0
65,2022-03-13,267,focus,179436,8937,0.0498060589848191,1.0101010101010102,4.040404040404041,23.232323232323232,36.36363636363637,24.242424242424242,10.1010101010101,1.0101010101010102,0.06705178424236051,0.0
66,2022-03-14,268,smelt,185406,9373,0.05055391950638059,0.0,5.0,19.0,33.0,28.000000000000004,13.0,2.0,0.00028816544246253347,0.0
67,2022-03-15,269,tease,202855,10024,0.0494146064923221,0.9803921568627451,15.686274509803921,31.372549019607842,29.411764705882355,15.686274509803921,5.88235294117647,0.9803921568627451,0.0020442087071884663,1.0
68,2022-03-16,270,cater,217856,11234,0.05156617215041128,0.9900990099009901,6.9306930693069315,18.81188118811881,21.782178217821784,18.81188118811881,17.82178217821782,14.85148514851485,0.0021193807456389028,0.0
69,2022-03-17,271,movie,169071,8847,0.05232712883936334,1.0101010101010102,5.05050505050505,18.181818181818183,30.303030303030305,26.262626262626267,16.161616161616163,3.0303030303030303,0.16188872902068346,0.0
70,2022-03-18,272,saute,179830,9304,0.051737752321637104,1.0,8.0,31.0,34.0,19.0,6.0,1.0,0.0005389712413271754,0.0
71,2022-03-19,273,allow,156311,8515,0.05447473306421173,0.0,4.9504950495049505,20.792079207920793,31.683168316831683,25.742574257425744,13.861386138613863,2.9702970297029703,0.06850900452493197,1.0
72,2022-03-20,274,renew,154987,8417,0.05430778065257086,0.0,4.040404040404041,20.2020202020202,33.33333333333333,27.27272727272727,13.131313131313133,2.0202020202020203,0.006685988311914647,1.0
73,2022-03-21,275,their,173636,9200,0.052984404155820224,2.0202020202020203,14.14141414141414,36.36363636363637,30.303030303030305,13.131313131313133,4.040404040404041,0.0,0.8000618695320609,0.0
74,2022-03-22,276,slosh,160161,8807,0.05498841790448361,0.0,2.0202020202020203,19.19191919191919,36.36363636363637,27.27272727272727,13.131313131313133,2.0202020202020203,3.3256265973885706e-05,1.0
75,2022-03-23,277,purge,156785,8555,0.054565168861817136,0.9900990099009901,3.9603960396039604,21.782178217821784,34.65346534653465,25.742574257425744,10.891089108910892,1.9801980198019802,0.0013766918799547933,0.0
76,2022-03-24,278,chest,169066,9318,0.05511457064105142,0.9900990099009901,13.861386138613863,34.65346534653465,30.693069306930692,13.861386138613863,4.9504950495049505,0.9900990099009901,0.013794421138741457,0.0
77,2022-03-25,279,depot,150197,8562,0.05700513325832074,0.0,5.1020408163265305,29.591836734693878,36.734693877551024,20.408163265306122,7.142857142857142,1.0204081632653061,0.009882082059938492,0.0
78,2022-03-26,280,epoxy,149507,9376,0.06271278267907188,0.0,2.0,13.0,31.0,33.0,18.0,3.0,0.0019305620101992185,0.0
79,2022-03-27,281,nymph,165468,9935,0.0600418207750139,0.7936507936507936,1.5873015873015872,14.285714285714285,34.92063492063492,20.634920634920633,20.634920634920633,7.142857142857142,0.0006931611488629518,0.0
80,2022-03-28,282,found,173696,10613,0.06110100405305822,0.9900990099009901,5.9405940594059405,16.831683168316832,21.782178217821784,19.801980198019802,20.792079207920793,13.861386138613863,0.2370932613162455,0.0
81,2022-03-29,283,shall,149070,8494,0.05697994230898236,0.0,3.0303030303030303,17.17171717171717,30.303030303030305,28.28282828282828,17.17171717171717,4.040404040404041,0.19616983476291075,1.0
82,2022-03-30,284,stove,158139,9318,0.05892284635668621,0.0,5.05050505050505,16.161616161616163,24.242424242424242,27.27272727272727,21.21212121212121,6.0606060606060606,0.00398150781957883,0.0
83,2022-03-31,285,lowly,135219,8469,0.06263173074789785,0.0,1.9801980198019802,8.91089108910891,25.742574257425744,31.683168316831683,23.762376237623762,7.920792079207921,0.0005359348440865972,1.0
84,2022-04-01,286,snout,144648,8913,0.061618549858967975,1.0,4.0,19.0,27.0,26.0,18.0,5.0,0.0002444856775129975,0.0
85,2022-04-02,287,trope,155079,9315,0.060066159828216587,1.0,16.0,33.0,28.000000000000004,15.0,6.0,1.0,9.231322139186313e-05,0.0
86,2022-04-03,288,fewer,124532,7931,0.063686442038994,0.0,2.0,10.0,24.0,32.0,26.0,6.0,0.011010841016371379,1.0
87,2022-04-04,289,shawl,129651,7943,0.06126447154283422,0.0,3.0303030303030303,16.161616161616163,31.313131313131315,30.303030303030305,16.161616161616163,3.0303030303030303,0.0010144837221488035,0.0
88,2022-04-05,290,natal,121356,7702,0.06346616566135997,0.0,2.0,14.000000000000002,32.0,32.0,17.0,3.0,0.003056770025025749,1.0
89,2022-04-06,291,comma,117856,7560,0.0641460765680152,0.0,1.9801980198019802,12.871287128712872,32.67326732673268,32.67326732673268,16.831683168316832,2.9702970297029703,0.0027516933522906315,1.0
90,2022-04-07,292,foray,117761,7575,0.06432520104279006,0.0,1.9801980198019802,13.861386138613863,30.693069306930692,30.693069306930692,18.81188118811881,3.9603960396039604,0.0004912954099990933,0.0
91,2022-04-08,293,scare,141158,9010,0.06382918431828165,1.0,12.0,23.0,26.0,21.0,13.0,4.0,0.003018628542353794,0.0
92,2022-04-09,294,stair,134210,8537,0.06360926905595708,1.9801980198019802,20.792079207920793,35.64356435643564,25.742574257425744,10.891089108910892,3.9603960396039604,0.9900990099009901,0.0020373091051113395,0.0
93,2022-04-10,295,black,126241,7894,0.06253119034228183,0.9900990099009901,9.900990099009901,30.693069306930692,33.663366336633665,17.82178217821782,5.9405940594059405,0.9900990099009901,0.25005672651287075,0.0
94,2022-04-11,296,squad,109828,7236,0.06588483811050005,0.0,3.0303030303030303,20.2020202020202,33.33333333333333,27.27272727272727,14.14141414141414,2.0202020202020203,0.00891774641581079,0.0
95,2022-04-12,297,royal,114907,7275,0.06331206976076305,1.0101010101010102,5.05050505050505,24.242424242424242,36.36363636363637,23.232323232323232,9.090909090909092,1.0101010101010102,0.04638717146183134,0.0
96,2022-04-13,298,chunk,123255,7835,0.06356740091679851,1.0,4.0,28.999999999999996,42.0,18.0,5.0,1.0,0.0024039119139218686,0.0
97,2022-04-14,299,mince,113448,7356,0.06484027924687963,0.0,6.0,24.0,35.0,24.0,10.0,1.0,0.00031574545455753287,0.0
98,2022-04-15,300,shame,129991,8522,0.06555838481125617,1.0,11.0,22.0,25.0,21.0,15.0,5.0,0.006915138701445526,0.0
99,2022-04-16,301,cheek,107987,7035,0.06514673062498264,0.0,3.0,19.0,40.0,28.000000000000004,9.0,1.0,0.0027205291445972788,1.0
100,2022-04-17,302,ample,106681,7008,0.0656911727486619,0.0,4.040404040404041,20.2020202020202,35.35353535353536,27.27272727272727,11.11111111111111,2.0202020202020203,0.0032384980421702025,0.0
101,2022-04-18,303,flair,112383,7341,0.06532126745148288,1.0,8.0,30.0,36.0,18.0,6.0,1.0,0.0019470307093357642,0.0
102,2022-04-19,304,foyer,108899,8198,0.07528076474531446,0.0,2.0202020202020203,10.1010101010101,19.19191919191919,19.19191919191919,23.232323232323232,26.262626262626267,0.001045965775531089,0.0
103,2022-04-20,305,cargo,102007,6796,0.06662287882204163,0.0,5.0,20.0,34.0,27.0,12.0,2.0,0.00994374003554404,0.0
104,2022-04-21,306,oxide,97955,6960,0.07105303455668419,0.0,1.9801980198019802,10.891089108910892,29.7029702970297,32.67326732673268,20.792079207920793,3.9603960396039604,0.005418958304701032,0.0
105,2022-04-22,307,plant,119232,7731,0.06483997584541062,1.9801980198019802,18.81188118811881,38.613861386138616,27.722772277227726,9.900990099009901,2.9702970297029703,0.0,0.05440017165711226,0.0
106,2022-04-23,308,olive,95562,6482,0.06783030911868734,1.0,6.0,25.0,34.0,23.0,10.0,1.0,0.009483340044118719,0.0
107,2022-04-24,309,inert,97452,6743,0.06919303862414317,0.0,7.000000000000001,27.0,34.0,22.0,9.0,1.0,0.0009369845626896838,0.0
108,2022-04-25,310,askew,91548,6549,0.07153624328221261,0.0,3.0,13.0,28.999999999999996,32.0,19.0,4.0,0.0004645759318914943,0.0
109,2022-04-26,311,heist,103153,6830,0.0662123253807451,1.0,13.0,32.0,31.0,16.0,6.0,1.0,0.0004093515209542198,0.0
110,2022-04-27,312,shown,98967,6564,0.06632513868259117,0.0,6.0606060606060606,26.262626262626267,36.36363636363637,22.22222222222222,8.080808080808081,1.0101010101010102,0.07024970739161647,0.0
111,2022-04-28,313,zesty,88974,6315,0.07097579068042349,0.0,2.0,12.0,27.0,30.0,22.0,7.000000000000001,0.00019523492590631182,0.0
112,2022-04-29,314,trash,106652,7001,0.06564340096763305,2.0,19.0,34.0,27.0,13.0,4.0,1.0,0.00030048272941758176,0.0
113,2022-04-30,315,larva,77991,5749,0.07371363362439255,0.0,2.0202020202020203,10.1010101010101,25.252525252525253,35.35353535353536,23.232323232323232,4.040404040404041,0.0004529597450734493,1.0
114,2022-05-01,316,forgo,77658,5699,0.07338587138478972,0.0,1.0101010101010102,9.090909090909092,26.262626262626267,37.37373737373738,23.232323232323232,3.0303030303030303,0.0003284051154861906,1.0
115,2022-05-02,317,story,95643,6530,0.06827472998546678,1.0,10.0,23.0,28.999999999999996,24.0,11.0,2.0,0.14146148053901622,0.0
116,2022-05-03,318,hairy,85817,5941,0.06922870759872753,1.0,8.0,24.0,33.0,23.0,10.0,1.0,0.019460664411444194,0.0
117,2022-05-04,319,train,107750,7243,0.06722041763341068,6.0606060606060606,26.262626262626267,32.323232323232325,22.22222222222222,10.1010101010101,3.0303030303030303,0.0,0.03249780746517833,0.0
118,2022-05-05,320,homer,85979,6313,0.07342490608171763,0.0,3.0,16.0,26.0,24.0,19.0,12.0,0.0043561559057632504,0.0
119,2022-05-06,321,badge,76292,5482,0.07185550254286163,0.0,4.040404040404041,20.2020202020202,35.35353535353536,26.262626262626267,12.121212121212121,2.0202020202020203,0.006260889632198115,0.0
120,2022-05-07,322,midst,74458,5233,0.07028123237261275,0.0,2.9702970297029703,24.752475247524753,38.613861386138616,23.762376237623762,8.91089108910891,0.9900990099009901,0.003436326834181054,0.0
121,2022-05-08,323,canny,72518,5256,0.07247855704790535,0.0,2.0,10.0,30.0,34.0,20.0,4.0,0.00019457675026749244,1.0
122,2022-05-09,324,shine,88932,6146,0.06910898214366032,0.9900990099009901,13.861386138613863,31.683168316831683,29.7029702970297,16.831683168316832,5.9405940594059405,0.9900990099009901,0.005991818437344375,0.0
123,2022-05-10,325,gecko,74412,5489,0.07376498414234263,0.0,2.0202020202020203,16.161616161616163,38.38383838383838,29.292929292929294,12.121212121212121,2.0202020202020203,0.0012377759396894447,0.0
124,2022-05-11,326,farce,79446,5688,0.07159580092138056,0.0,9.183673469387756,26.53061224489796,32.6530612244898,21.428571428571427,9.183673469387756,1.0204081632653061,0.0007240463473181093,0.0
125,2022-05-12,327,slung,75673,5419,0.0716107462370991,0.0,1.9801980198019802,15.841584158415841,36.633663366336634,30.693069306930692,12.871287128712872,1.9801980198019802,0.00023932553962417917,0.0
126,2022-05-13,328,tipsy,77585,5522,0.07117355158858027,0.0,6.0,33.0,38.0,17.0,5.0,1.0,0.0002661012283841617,0.0
127,2022-05-14,329,metal,73225,5290,0.07224308637760328,0.9803921568627451,9.803921568627452,30.392156862745097,33.33333333333333,17.647058823529413,6.862745098039216,0.9803921568627451,0.057398934332901816,0.0
128,2022-05-15,330,yield,67115,4963,0.07394770170602696,0.0,4.0,16.0,28.999999999999996,28.999999999999996,18.0,4.0,0.015333652763140651,0.0
129,2022-05-16,331,delve,68349,5179,0.07577287158553893,0.0,2.0202020202020203,14.14141414141414,32.323232323232325,33.33333333333333,16.161616161616163,2.0202020202020203,0.0006355023056715348,1.0
130,2022-05-17,332,being,70722,5142,0.07270721981844405,0.0,4.0,22.0,37.0,26.0,10.0,1.0,0.24810768448419152,0.0
131,2022-05-18,333,scour,73933,5544,0.07498681238418568,0.0,8.0,34.0,35.0,17.0,5.0,1.0,0.000401021102270964,0.0
132,2022-05-19,334,glass,70920,5162,0.07278623801466441,0.0,4.0,19.0,33.0,27.0,14.000000000000002,3.0,0.06493930820885804,1.0
133,2022-05-20,335,gamer,69884,5238,0.07495277889073322,1.0,4.0,17.0,28.000000000000004,26.0,18.0,6.0,0.003194697679821007,0.0
134,2022-05-21,336,scrap,66814,4973,0.07443050857604694,0.9900990099009901,8.91089108910891,27.722772277227726,33.663366336633665,19.801980198019802,7.920792079207921,0.9900990099009901,0.0038202711402578675,0.0
135,2022-05-22,337,money,67909,4928,0.07256770089384323,1.0,7.000000000000001,26.0,36.0,21.0,8.0,1.0,0.19437232541092733,0.0
136,2022-05-23,338,hinge,66431,4906,0.0738510635095061,0.0,5.0,25.0,37.0,22.0,9.0,2.0,0.001778095214661966,0.0
137,2022-05-24,339,album,63380,4809,0.07587567055853582,0.0,5.0,26.0,35.0,24.0,9.0,1.0,0.07960984083979328,0.0
138,2022-05-25,340,vouch,62723,4835,0.07708496085965276,0.0,2.0202020202020203,9.090909090909092,25.252525252525253,33.33333333333333,24.242424242424242,6.0606060606060606,0.00037801050520882396,0.0
139,2022-05-26,341,asset,63188,4733,0.07490346268278787,0.0,7.07070707070707,28.28282828282828,34.34343434343434,21.21212121212121,8.080808080808081,1.0101010101010102,0.01855938689917232,1.0
140,2022-05-27,342,tiara,63846,4842,0.07583873696081195,0.0,7.920792079207921,35.64356435643564,32.67326732673268,16.831683168316832,5.9405940594059405,0.9900990099009901,0.0009241450276733984,1.0
141,2022-05-28,343,crept,60069,4562,0.07594599543857897,0.0,4.040404040404041,27.27272727272727,38.38383838383838,22.22222222222222,7.07070707070707,1.0101010101010102,0.0005821798588085504,0.0
142,2022-05-29,344,bayou,56839,4435,0.07802741075669875,0.0,6.0,17.0,33.0,28.999999999999996,13.0,2.0,0.0014092153634239688,0.0
143,2022-05-30,345,atoll,60969,4741,0.07776082927389329,0.0,6.0,28.000000000000004,36.0,21.0,8.0,1.0,0.0009089538433637537,1.0
144,2022-05-31,346,manor,62768,4802,0.07650395105786388,0.0,6.0,27.0,34.0,21.0,10.0,2.0,0.007221120876689951,0.0
145,2022-06-01,347,creak,63241,4797,0.07585269050141522,0.0,5.0,21.0,32.0,25.0,14.000000000000002,3.0,0.00010733986179180296,0.0
146,2022-06-02,348,showy,61278,4770,0.07784196612160971,0.0,2.0,16.0,37.0,30.0,13.0,2.0,0.0002817727582687211,0.0
147,2022-06-03,349,peach,65431,4957,0.0757591967110391,1.0,13.0,38.0,32.0,13.0,3.0,0.0,0.00400523791299148,0.0
148,2022-06-04,350,froth,58263,4432,0.07606886016854608,0.0,5.05050505050505,22.22222222222222,35.35353535353536,25.252525252525253,11.11111111111111,1.0101010101010102,0.0002650843265819485,0.0
149,2022-06-05,351,depth,56738,4329,0.07629807183897917,0.0,6.0,28.000000000000004,39.0,20.0,6.0,1.0,0.03256214822192037,0.0
150,2022-06-06,352,gloom,58478,4548,0.07777283764834639,0.0,2.0,14.000000000000002,35.0,35.0,13.0,1.0,0.0008778305161448619,1.0
151,2022-06-07,353,flood,58991,4440,0.07526571849943212,0.0,3.0,20.0,40.0,28.000000000000004,8.0,1.0,0.014267462394881927,1.0
152,2022-06-08,354,trait,61026,4607,0.07549241306983909,0.0,6.0,22.0,35.0,24.0,11.0,2.0,0.0017234421083552817,1.0
153,2022-06-09,355,girth,60020,4665,0.07772409196934356,0.0,6.0,23.0,33.0,23.0,12.0,3.0,0.00048425477028507665,0.0
154,2022-06-10,356,piety,55376,4324,0.07808436867957237,0.0,4.0,25.0,41.0,22.0,7.000000000000001,1.0,0.0005889803257351095,0.0
155,2022-06-11,357,goose,51958,4087,0.0786596866700027,0.0,2.0,12.0,28.000000000000004,32.0,21.0,5.0,0.0038021784642733652,1.0
156,2022-06-12,358,float,56684,4323,0.07626490720485499,1.0,12.0,30.0,32.0,18.0,6.0,1.0,0.00898303559956032,0.0
157,2022-06-13,359,donor,53802,4142,0.07698598565109104,0.0,3.0303030303030303,27.27272727272727,38.38383838383838,23.232323232323232,7.07070707070707,1.0101010101010102,0.007233371732874,1.0
158,2022-06-14,360,atone,59968,4762,0.0794090181430096,2.0,16.0,34.0,28.999999999999996,14.000000000000002,4.0,1.0,0.00013675234115450907,0.0
159,2022-06-15,361,primo,55989,4391,0.07842611941631392,0.0,3.0,22.0,38.0,25.0,10.0,2.0,0.000912683164646443,0.0
160,2022-06-16,362,apron,53430,4112,0.0769605090772974,0.0,7.000000000000001,30.0,38.0,19.0,5.0,1.0,0.001633443743829763,0.0
161,2022-06-17,363,blown,54665,4251,0.07776456599286563,0.0,5.9405940594059405,22.772277227722775,34.65346534653465,25.742574257425744,9.900990099009901,0.9900990099009901,0.004303512074776315,0.0
162,2022-06-18,364,cacao,47205,4101,0.08687639021290118,0.0,1.0,9.0,27.0,36.0,23.0,4.0,0.00031950134814862167,2.0
163,2022-06-19,365,loser,55359,4399,0.07946314059141242,1.0,10.0,28.000000000000004,32.0,19.0,8.0,2.0,0.002565337665437212,0.0
164,2022-06-20,366,input,50484,3950,0.07824261152048173,0.0,4.9504950495049505,29.7029702970297,37.62376237623762,20.792079207920793,5.9405940594059405,0.9900990099009901,0.058431055935756746,0.0
165,2022-06-21,367,gloat,53342,4194,0.0786247234824341,0.0,8.0,21.0,31.0,26.0,12.0,2.0,9.658012091371232e-05,0.0
166,2022-06-22,368,awful,47645,3861,0.0810368349249659,0.0,5.0,21.0,33.0,27.0,12.0,2.0,0.005312699731458718,0.0
167,2022-06-23,369,brink,53111,4118,0.0775357270621905,0.0,4.040404040404041,22.22222222222222,41.41414141414141,24.242424242424242,7.07070707070707,1.0101010101010102,0.001498049656439215,0.0
168,2022-06-24,370,smite,50617,3991,0.07884702767844795,0.0,5.9405940594059405,22.772277227722775,34.65346534653465,23.762376237623762,10.891089108910892,1.9801980198019802,0.00025683055878830685,0.0
169,2022-06-25,371,beady,46089,3670,0.07962854477207143,0.0,2.9702970297029703,18.81188118811881,38.613861386138616,28.71287128712871,9.900990099009901,0.9900990099009901,7.039617702155033e-05,0.0
170,2022-06-26,372,rusty,50450,3954,0.07837462834489593,0.0,9.090909090909092,37.37373737373738,34.34343434343434,13.131313131313133,5.05050505050505,1.0101010101010102,0.0028225933811599113,0.0
171,2022-06-27,373,retro,47986,3848,0.08019005543283457,0.0,6.0606060606060606,24.242424242424242,35.35353535353536,24.242424242424242,9.090909090909092,1.0101010101010102,0.008156763537805457,1.0
172,2022-06-28,374,droll,47312,3844,0.08124788637132228,0.0,2.0,16.0,31.0,31.0,17.0,3.0,0.00018088894540614484,1.0
173,2022-06-29,375,gawky,45645,3957,0.08669076569175156,0.0,1.0101010101010102,5.05050505050505,22.22222222222222,33.33333333333333,28.28282828282828,10.1010101010101,1.2307066836433056e-05,0.0
174,2022-06-30,376,hutch,44212,3758,0.08499954763412648,0.0,1.0101010101010102,12.121212121212121,28.28282828282828,28.28282828282828,21.21212121212121,9.090909090909092,0.0013838173466533162,1.0
175,2022-07-01,377,pinto,47248,3792,0.08025736539112767,0.0,5.0,25.0,41.0,22.0,6.0,1.0,0.0011137660424243767,0.0
176,2022-07-02,378,egret,41765,3515,0.08416137914521729,0.0,3.0,14.000000000000002,33.0,33.0,15.0,2.0,0.0003839483941242596,1.0
177,2022-07-03,379,lilac,40486,3461,0.08548634095736798,0.0,2.0202020202020203,17.17171717171717,38.38383838383838,29.292929292929294,12.121212121212121,1.0101010101010102,0.001757441376952493,1.0
178,2022-07-04,380,sever,42645,3591,0.08420682377769961,0.0,2.0202020202020203,13.131313131313133,27.27272727272727,29.292929292929294,21.21212121212121,7.07070707070707,0.0006818985781489929,1.0
179,2022-07-05,381,field,44578,3604,0.08084705460092423,0.9900990099009901,5.9405940594059405,24.752475247524753,35.64356435643564,22.772277227722775,8.91089108910891,0.9900990099009901,0.13824759152045957,0.0
180,2022-07-06,382,fluff,47344,4049,0.08552298073673538,0.0,0.0,4.0,25.0,44.0,23.0,4.0,0.0008129501371399392,1.0
181,2022-07-07,383,agape,43407,3671,0.08457161287349967,0.0,1.9801980198019802,17.82178217821782,35.64356435643564,26.732673267326735,14.85148514851485,2.9702970297029703,0.00040407998377249565,1.0
182,2022-07-08,384,voice,42806,3484,0.08139045928140914,1.0,5.0,24.0,35.0,25.0,9.0,1.0,0.06600299158202046,0.0
183,2022-07-09,385,stead,47094,3933,0.0835138234169958,0.9900990099009901,5.9405940594059405,19.801980198019802,26.732673267326735,27.722772277227726,15.841584158415841,2.9702970297029703,0.000721225594580312,0.0
184,2022-07-10,386,berth,41785,3494,0.08361852339356228,0.0,7.000000000000001,24.0,35.0,24.0,9.0,1.0,0.001059740451400666,0.0
185,2022-07-11,387,madam,40545,3430,0.0845973609569614,0.0,2.9702970297029703,12.871287128712872,34.65346534653465,33.663366336633665,13.861386138613863,1.9801980198019802,0.002048603358193005,2.0
186,2022-07-12,388,night,46910,3870,0.08249840119377531,1.0,8.0,27.0,27.0,17.0,13.0,7.000000000000001,0.13338521065542414,0.0
187,2022-07-13,389,bland,46246,3727,0.08059075379492281,0.0,7.142857142857142,31.63265306122449,38.775510204081634,18.367346938775512,4.081632653061225,0.0,0.0016223375409306169,0.0
188,2022-07-14,390,liver,40549,3388,0.08355323189227848,0.0,4.040404040404041,16.161616161616163,26.262626262626267,25.252525252525253,20.2020202020202,8.080808080808081,0.012387058682822426,0.0
189,2022-07-15,391,wedge,39234,3353,0.08546158943773258,0.0,1.9801980198019802,10.891089108910892,31.683168316831683,36.633663366336634,16.831683168316832,1.9801980198019802,0.0032129569437389367,1.0
190,2022-07-16,392,roomy,38769,3280,0.0846036781964972,0.0,2.0,17.0,41.0,28.000000000000004,10.0,2.0,0.0005673126522590077,1.0
191,2022-07-17,393,wacky,39611,3345,0.08444623968089672,0.0,3.0303030303030303,18.181818181818183,39.39393939393939,27.27272727272727,10.1010101010101,2.0202020202020203,0.0018833481282325437,0.0
192,2022-07-18,394,flock,42574,3548,0.0833372480856861,0.0,4.0,22.0,37.0,27.0,9.0,1.0,0.00262248652470973,0.0
193,2022-07-19,395,angry,39667,3358,0.08465475080041344,0.0,5.05050505050505,27.27272727272727,38.38383838383838,21.21212121212121,7.07070707070707,1.0101010101010102,0.009451985742219124,0.0
194,2022-07-20,396,trite,42237,3685,0.08724577976655538,0.0,4.0,14.000000000000002,22.0,22.0,23.0,15.0,0.00027430798363217344,1.0
195,2022-07-21,397,aphid,39086,3367,0.08614337614491122,0.0,6.0,24.0,36.0,23.0,9.0,2.0,0.0002821202423016382,0.0
196,2022-07-22,398,tryst,43099,3665,0.08503677579526207,0.0,3.0,26.0,41.0,23.0,6.0,1.0,0.0001907360296918974,1.0
197,2022-07-23,399,midge,36769,3111,0.08460931763170061,0.0,2.0202020202020203,18.181818181818183,39.39393939393939,28.28282828282828,10.1010101010101,2.0202020202020203,0.00029601858160645906,0.0
198,2022-07-24,400,power,39813,3401,0.0854243588777535,2.0202020202020203,6.0606060606060606,19.19191919191919,29.292929292929294,24.242424242424242,15.151515151515152,4.040404040404041,0.23156466157904051,0.0
199,2022-07-25,401,elope,39228,3339,0.08511777301927195,0.0,4.040404040404041,22.22222222222222,32.323232323232325,26.262626262626267,13.131313131313133,2.0202020202020203,5.712024294039558e-05,1.0
200,2022-07-26,402,cinch,39171,3507,0.08953052002757142,0.0,1.9801980198019802,14.85148514851485,23.762376237623762,21.782178217821784,24.752475247524753,12.871287128712872,0.00041713720731528494,1.0
201,2022-07-27,403,motto,38384,3285,0.08558253438932889,0.0,1.0101010101010102,11.11111111111111,36.36363636363637,36.36363636363637,14.14141414141414,1.0101010101010102,0.0019163264069800958,2.0
202,2022-07-28,404,stomp,40650,3490,0.08585485854858549,0.0,7.07070707070707,26.262626262626267,32.323232323232325,21.21212121212121,11.11111111111111,2.0202020202020203,0.0011742343962231143,0.0
203,2022-07-29,405,upset,37791,3213,0.08502024291497975,0.0,5.0,30.0,38.0,20.0,6.0,1.0,0.005647014119528222,0.0
204,2022-07-30,406,bluff,37353,3171,0.08489277969640993,0.0,2.0,14.000000000000002,42.0,31.0,10.0,1.0,0.003973149806575312,1.0
205,2022-07-31,407,cramp,39250,3369,0.0858343949044586,1.0101010101010102,8.080808080808081,26.262626262626267,33.33333333333333,19.19191919191919,10.1010101010101,2.0202020202020203,0.00039146018130643725,0.0
206,2022-08-01,408,quart,36662,3303,0.09009328459985816,0.0,5.0,20.0,33.0,27.0,13.0,2.0,0.002026683247787108,0.0
207,2022-08-02,409,coyly,34909,3380,0.09682316881033544,0.0,0.0,4.040404040404041,17.17171717171717,28.28282828282828,35.35353535353536,15.151515151515152,3.380815237910692e-05,1.0
208,2022-08-03,410,youth,38381,3327,0.08668351528099841,0.9900990099009901,4.9504950495049505,16.831683168316832,30.693069306930692,28.71287128712871,14.85148514851485,2.9702970297029703,0.05253872830910769,0.0
209,2022-08-04,411,rhyme,37229,3336,0.08960756399580971,0.0,4.040404040404041,22.22222222222222,39.39393939393939,25.252525252525253,8.080808080808081,1.0101010101010102,0.0015449129883373883,0.0
210,2022-08-05,412,buggy,37350,3428,0.09178045515394913,0.0,1.0,9.0,28.999999999999996,34.0,22.0,5.0,0.001978966535984565,1.0
211,2022-08-06,413,alien,38841,3395,0.0874076362606524,3.0303030303030303,17.17171717171717,31.313131313131315,29.292929292929294,15.151515151515152,4.040404040404041,0.0,0.010701956327440233,0.0
212,2022-08-07,414,smear,36223,3190,0.08806559368357121,0.0,2.0,16.0,39.0,28.999999999999996,12.0,2.0,0.001298398617279272,0.0
213,2022-08-08,415,unfit,35516,3187,0.08973420430228629,0.0,3.0,24.0,38.0,25.0,9.0,1.0,0.0008125515525139461,0.0
214,2022-08-09,416,patty,36223,3019,0.08334483615382492,0.0,2.0202020202020203,16.161616161616163,39.39393939393939,29.292929292929294,12.121212121212121,1.0101010101010102,0.0023716797038332267,1.0
215,2022-08-10,417,cling,37654,3312,0.08795878259945822,0.0,4.0,20.0,34.0,27.0,13.0,2.0,0.0009475961118478539,0.0
216,2022-08-11,418,glean,37301,3243,0.08694136886410551,0.0,6.0606060606060606,23.232323232323232,37.37373737373738,24.242424242424242,8.080808080808081,1.0101010101010102,0.00021856541268110784,0.0
217,2022-08-12,419,label,34198,3076,0.08994678051348032,0.0,4.0,18.0,32.0,28.999999999999996,15.0,2.0,0.04225075015031878,1.0
218,2022-08-13,420,hunky,35276,3185,0.09028801451411725,0.0,1.0101010101010102,11.11111111111111,33.33333333333333,25.252525252525253,22.22222222222222,7.07070707070707,0.00026623919998546697,0.0
219,2022-08-14,421,khaki,31652,2968,0.09376974598761531,0.0,2.0,17.0,33.0,28.000000000000004,16.0,4.0,0.0014946003664065826,1.0
220,2022-08-15,422,poker,35376,3180,0.08989145183175033,0.0,4.0,17.0,30.0,27.0,17.0,5.0,0.1318760486640146,0.0
221,2022-08-16,423,gruel,35105,3087,0.08793619142572283,0.0,3.0,19.0,39.0,28.999999999999996,9.0,1.0,6.449099248568333e-05,0.0
222,2022-08-17,424,twice,35815,3173,0.08859416445623342,0.9900990099009901,5.9405940594059405,27.722772277227726,37.62376237623762,20.792079207920793,5.9405940594059405,0.9900990099009901,0.020365093808296993,0.0
223,2022-08-18,425,twang,34938,3172,0.09078939836281413,0.0,2.9702970297029703,21.782178217821784,42.57425742574257,24.752475247524753,6.9306930693069315,0.9900990099009901,0.00022895518526532796,0.0
224,2022-08-19,426,shrug,33965,2987,0.08794347122037391,0.0,4.0,23.0,36.0,26.0,10.0,1.0,0.0007168513838130031,0.0
225,2022-08-20,427,treat,38245,3249,0.08495228134396653,0.9900990099009901,21.782178217821784,31.683168316831683,25.742574257425744,13.861386138613863,4.9504950495049505,0.9900990099009901,0.019850762250939222,1.0
226,2022-08-21,428,waste,35617,3186,0.08945166633910773,1.0,7.000000000000001,19.0,27.0,24.0,17.0,5.0,0.04197450136616158,0.0
227,2022-08-22,429,merit,35888,3123,0.08702073116362015,0.0,7.07070707070707,33.33333333333333,37.37373737373738,17.17171717171717,5.05050505050505,0.0,0.006573376912941121,0.0
228,2022-08-23,430,woven,33549,2933,0.08742436436257414,0.0,2.0202020202020203,13.131313131313133,32.323232323232325,32.323232323232325,17.17171717171717,3.0303030303030303,0.004322527627471771,0.0
229,2022-08-24,431,needy,33700,2927,0.08685459940652819,0.0,2.0,21.0,41.0,26.0,9.0,1.0,0.001652637126589123,1.0
230,2022-08-25,432,clown,36737,3175,0.08642512997795139,0.9900990099009901,7.920792079207921,28.71287128712871,35.64356435643564,19.801980198019802,5.9405940594059405,0.9900990099009901,0.0031298162788042224,0.0
231,2022-08-26,433,irony,34716,3046,0.08774052310173983,0.0,6.0606060606060606,29.292929292929294,34.34343434343434,21.21212121212121,8.080808080808081,1.0101010101010102,0.0022413731914893292,0.0
232,2022-08-27,434,ruder,31241,2784,0.08911366473544381,0.0,2.0,16.0,33.0,28.999999999999996,16.0,4.0,7.212542109124345e-05,1.0
233,2022-08-28,435,gauze,30214,2866,0.09485668895214139,0.0,1.9801980198019802,10.891089108910892,23.762376237623762,30.693069306930692,24.752475247524753,7.920792079207921,0.0005489062186330187,0.0
234,2022-08-29,436,chief,34281,3072,0.08961232169423296,1.0,6.0,32.0,38.0,18.0,5.0,0.0,0.04668600977416374,0.0
235,2022-08-30,437,onset,33660,3009,0.0893939393939394,0.0,3.9603960396039604,28.71287128712871,39.603960396039604,20.792079207920793,5.9405940594059405,0.9900990099009901,0.0039242649352150515,0.0
236,2022-08-31,438,prize,35343,3166,0.08957926604985429,0.0,5.0,12.0,20.0,32.0,26.0,5.0,0.016541921176364268,0.0
237,2022-09-01,439,fungi,31903,2928,0.09177820267686425,0.0,2.0202020202020203,18.181818181818183,41.41414141414141,28.28282828282828,9.090909090909092,1.0101010101010102,0.0020252401670386405,0.0
238,2022-09-02,440,charm,35724,3149,0.0881480237375434,0.9900990099009901,11.881188118811881,31.683168316831683,33.663366336633665,15.841584158415841,4.9504950495049505,0.9900990099009901,0.0107674570676451,0.0
239,2022-09-03,441,gully,31191,2877,0.09223814561892854,0.0,1.0,9.0,27.0,31.0,25.0,7.000000000000001,0.0007988453514390911,1.0
240,2022-09-04,442,inter,32018,2889,0.09023049534636766,0.0,6.0606060606060606,25.252525252525253,36.36363636363637,23.232323232323232,8.080808080808081,1.0101010101010102,0.015585938435180776,0.0
241,2022-09-05,443,whoop,32733,2970,0.09073412152873248,0.0,0.9900990099009901,15.841584158415841,46.53465346534654,28.71287128712871,6.9306930693069315,0.9900990099009901,0.000319541206611221,1.0
242,2022-09-06,444,taunt,32734,3022,0.09231991201808518,0.0,4.0,19.0,27.0,21.0,16.0,13.0,0.00028213046242025336,1.0
243,2022-09-07,445,leery,30992,2873,0.09270134228187919,0.0,3.0303030303030303,17.17171717171717,37.37373737373738,28.28282828282828,12.121212121212121,2.0202020202020203,0.00015289910655467563,1.0
244,2022-09-08,446,class,31962,3001,0.0938927476378199,0.0,4.040404040404041,21.21212121212121,32.323232323232325,22.22222222222222,13.131313131313133,7.07070707070707,0.19527445425907985,1.0
245,2022-09-09,447,theme,32172,2909,0.09042024120353102,0.0,8.080808080808081,29.292929292929294,40.4040404040404,18.181818181818183,4.040404040404041,0.0,0.03801970280457174,1.0
246,2022-09-10,448,lofty,29237,2777,0.09498238533365257,0.0,4.0,19.0,34.0,27.0,13.0,3.0,0.001021569330384727,0.0
247,2022-09-11,449,tibia,27887,2675,0.09592283142682971,0.0,1.0101010101010102,14.14141414141414,40.4040404040404,30.303030303030305,12.121212121212121,2.0202020202020203,0.0006149281848872602,1.0
248,2022-09-12,450,booze,29147,2883,0.09891240951041273,0.0,1.0,7.000000000000001,27.0,38.0,23.0,4.0,0.0011851249546194795,1.0
249,2022-09-13,451,alpha,29497,2706,0.09173814286198596,0.0,3.0,19.0,40.0,28.000000000000004,9.0,1.0,0.028425974237278297,1.0
250,2022-09-14,452,thyme,32142,2938,0.09140688196129675,1.0101010101010102,5.05050505050505,24.242424242424242,41.41414141414141,23.232323232323232,5.05050505050505,0.0,0.001010492765829565,0.0
251,2022-09-15,453,doubt,33344,3011,0.09030110364683301,1.0101010101010102,12.121212121212121,32.323232323232325,34.34343434343434,16.161616161616163,4.040404040404041,0.0,0.020738835369960247,0.0
252,2022-09-16,454,parer,37309,4130,0.1106971508215176,0.0,0.0,4.0,11.0,15.0,22.0,48.0,1.9356904657203298e-05,1.0
253,2022-09-17,455,chute,33418,3073,0.09195643066610809,0.0,11.11111111111111,37.37373737373738,36.36363636363637,12.121212121212121,3.0303030303030303,0.0,0.0008328487080837485,0.0
254,2022-09-18,456,stick,33102,3038,0.09177693190743762,1.0101010101010102,9.090909090909092,36.36363636363637,35.35353535353536,14.14141414141414,4.040404040404041,0.0,0.022872658165214298,0.0
255,2022-09-19,457,trice,35050,3430,0.0978601997146933,0.0,5.0,24.0,25.0,18.0,17.0,11.0,0.0003428216148048025,0.0
256,2022-09-20,458,alike,31277,2843,0.09089746459059372,0.0,6.0,20.0,33.0,27.0,12.0,2.0,0.006338154750940947,0.0
257,2022-09-21,459,recap,31976,2900,0.09069301976482362,0.0,5.0,30.0,35.0,21.0,8.0,1.0,0.0029054652569750457,0.0
258,2022-09-22,460,saint,34455,3119,0.09052387171673197,1.0,14.000000000000002,35.0,28.999999999999996,15.0,5.0,1.0,0.03976652956633047,0.0
259,2022-09-23,461,glory,31509,2893,0.09181503697356311,0.0,6.0606060606060606,30.303030303030305,39.39393939393939,19.19191919191919,5.05050505050505,0.0,0.01342896196120397,0.0
260,2022-09-24,462,grate,32777,3077,0.0938768038563627,1.0101010101010102,14.14141414141414,29.292929292929294,28.28282828282828,16.161616161616163,8.080808080808081,3.0303030303030303,0.0006674360882966126,0.0
261,2022-09-25,463,admit,28994,2677,0.09232944747189073,0.0,10.0,25.0,34.0,22.0,8.0,1.0,0.0089544202894496,0.0
262,2022-09-26,464,brisk,31706,2884,0.09096070144452154,0.0,5.1020408163265305,23.46938775510204,38.775510204081634,24.489795918367346,7.142857142857142,1.0204081632653061,0.000771522886333195,0.0
263,2022-09-27,465,soggy,30985,2888,0.09320639018880103,0.0,2.0202020202020203,18.181818181818183,38.38383838383838,28.28282828282828,11.11111111111111,2.0202020202020203,0.00031930818790679426,1.0
264,2022-09-28,466,usurp,31355,3007,0.09590177005262318,0.0,3.061224489795918,21.428571428571427,38.775510204081634,26.53061224489796,9.183673469387756,1.0204081632653061,0.00015571577124502686,1.0
265,2022-09-29,467,scald,30477,2829,0.09282409685992715,0.0,4.0,23.0,36.0,24.0,11.0,2.0,8.456637148153573e-05,0.0
266,2022-09-30,468,scorn,31223,2859,0.09156711398648432,0.0,7.920792079207921,30.693069306930692,34.65346534653465,19.801980198019802,5.9405940594059405,0.9900990099009901,0.0006171214223420838,0.0
267,2022-10-01,469,leave,28202,2696,0.09559605701723282,0.0,4.081632653061225,16.3265306122449,34.69387755102041,31.63265306122449,12.244897959183673,1.0204081632653061,0.07250014787234121,1.0
268,2022-10-02,470,twine,30088,2775,0.09222946024993353,0.0,6.0,28.000000000000004,40.0,20.0,5.0,1.0,0.0004050876874679551,0.0
269,2022-10-03,471,sting,32288,2969,0.09195366699702676,0.9803921568627451,9.803921568627452,29.411764705882355,32.35294117647059,17.647058823529413,7.8431372549019605,1.9607843137254901,0.002814793386632785,0.0
270,2022-10-04,472,bough,32014,3060,0.0955831823577185,0.0,3.0303030303030303,17.17171717171717,35.35353535353536,28.28282828282828,13.131313131313133,3.0303030303030303,0.0005120003483016424,0.0
271,2022-10-05,473,marxh,30935,2885,0.09326006141910458,0.0,9.0,30.0,35.0,19.0,6.0,1.0,0.0,0.0
272,2022-10-06,474,sloth,32522,2987,0.09184551995572228,1.0101010101010102,10.1010101010101,38.38383838383838,34.34343434343434,13.131313131313133,3.0303030303030303,0.0,0.0005113472827221306,0.0
273,2022-10-07,475,dandy,29026,2840,0.09784331289189004,0.0,2.0,11.0,23.0,28.999999999999996,24.0,11.0,0.0011028468676958889,1.0
274,2022-10-08,476,vigor,26905,2642,0.09819736108530012,0.0,2.0202020202020203,15.151515151515152,35.35353535353536,31.313131313131315,14.14141414141414,2.0202020202020203,0.0009795472686745777,0.0
275,2022-10-09,477,howdy,28408,2668,0.09391720642072655,0.0,2.0,13.0,32.0,32.0,17.0,4.0,0.0007231224485952946,0.0
276,2022-10-10,478,enjoy,26878,2654,0.09874246595728849,0.0,3.0,12.0,28.999999999999996,33.0,20.0,3.0,0.05122564746942581,0.0
277,2022-10-11,479,valid,28575,2752,0.0963079615048119,0.0,4.0,28.000000000000004,38.0,21.0,8.0,1.0,0.05833195757761624,0.0
278,2022-10-12,480,ionic,29151,2947,0.10109430208226133,0.0,2.0,13.0,25.0,28.000000000000004,21.0,11.0,0.0018283771762369263,1.0
279,2022-10-13,481,equal,27197,2677,0.0984299738941795,0.0,4.9504950495049505,22.772277227722775,34.65346534653465,24.752475247524753,10.891089108910892,1.9801980198019802,0.0355795646582064,0.0
280,2022-10-14,482,floor,28906,2752,0.0952051477201965,0.0,3.0,23.0,44.0,24.0,6.0,0.0,0.05492369110110511,1.0
281,2022-10-15,483,catch,30403,3123,0.10272012630332533,0.0,7.07070707070707,18.181818181818183,20.2020202020202,15.151515151515152,16.161616161616163,23.232323232323232,0.020830528230152166,1.0
282,2022-10-16,484,spade,30459,2854,0.0936997275025444,1.0,8.0,28.999999999999996,36.0,19.0,6.0,1.0,0.001582555729220921,0.0
283,2022-10-17,485,stein,31269,2965,0.09482234801240845,0.9900990099009901,11.881188118811881,33.663366336633665,31.683168316831683,15.841584158415841,4.9504950495049505,0.9900990099009901,0.0039597338568691295,0.0
284,2022-10-18,486,exist,28612,2805,0.0980357891793653,0.0,5.05050505050505,24.242424242424242,38.38383838383838,23.232323232323232,8.080808080808081,1.0101010101010102,0.02588759520072428,0.0
285,2022-10-19,487,quirk,28322,2794,0.09865122519596074,0.0,3.0,23.0,39.0,24.0,9.0,2.0,0.00043432949084978726,0.0
286,2022-10-20,488,denim,28741,2769,0.09634320308966285,0.0,5.05050505050505,29.292929292929294,40.4040404040404,20.2020202020202,5.05050505050505,0.0,0.00482232208811127,0.0
287,2022-10-21,489,grove,28637,2794,0.09756608583301324,0.0,4.0,18.0,30.0,28.000000000000004,17.0,3.0,0.015504327722002758,0.0
288,2022-10-22,490,spiel,29084,2810,0.09661669646541053,0.0,6.9306930693069315,31.683168316831683,35.64356435643564,18.81188118811881,5.9405940594059405,0.9900990099009901,0.0008102796201457854,0.0
289,2022-10-23,491,mummy,29279,3021,0.10317975340687865,0.0,0.9900990099009901,3.9603960396039604,13.861386138613863,26.732673267326735,36.633663366336634,17.82178217821782,0.0019007775185189188,1.0
290,2022-10-24,492,fault,28947,2768,0.09562303520226621,0.0,7.000000000000001,27.0,35.0,22.0,8.0,1.0,0.013381783849652449,0.0
291,2022-10-25,493,foggy,28953,2817,0.09729561703450419,0.0,2.0,13.0,35.0,32.0,15.0,3.0,0.0007003765526052884,1.0
292,2022-10-26,494,flout,30063,2904,0.09659714599341383,0.0,6.0,28.000000000000004,37.0,21.0,7.000000000000001,1.0,5.447527624277984e-05,0.0
293,2022-10-27,495,carry,27609,2615,0.09471549132529247,0.0,4.0,22.0,35.0,24.0,12.0,3.0,0.03376459729960449,1.0
294,2022-10-28,496,sneak,27905,2636,0.094463357821179,0.0,7.000000000000001,28.000000000000004,36.0,21.0,7.000000000000001,1.0,0.0023115690541860214,0.0
295,2022-10-29,497,libel,25156,2536,0.10081093973604707,0.0,3.0,15.0,32.0,32.0,16.0,2.0,0.0008663962474381676,1.0
296,2022-10-30,498,waltz,24672,2496,0.10116731517509728,0.0,2.0202020202020203,11.11111111111111,29.292929292929294,35.35353535353536,19.19191919191919,3.0303030303030303,0.0017414336051654932,0.0
297,2022-10-31,499,aptly,26498,2572,0.09706392935315873,0.0,2.9702970297029703,25.742574257425744,40.5940594059406,22.772277227722775,6.9306930693069315,0.9900990099009901,0.0005920279651061644,0.0
298,2022-11-01,500,piney,27502,3667,0.13333575739946185,0.0,0.9900990099009901,13.861386138613863,36.633663366336634,32.67326732673268,13.861386138613863,1.9801980198019802,0.00038384517092624604,0.0
299,2022-11-02,501,inept,27670,2640,0.09541019154318757,0.0,5.88235294117647,29.411764705882355,38.23529411764706,19.607843137254903,5.88235294117647,0.9803921568627451,0.00044911187041482364,0.0
300,2022-11-03,502,aloud,29554,2819,0.09538471949651485,1.0,18.0,31.0,30.0,15.0,4.0,1.0,0.0038067529893655323,0.0
301,2022-11-04,503,photo,27330,2565,0.0938529088913282,0.0,5.0,34.0,43.0,15.0,3.0,0.0,0.23210518423437349,1.0
302,2022-11-05,504,dream,29743,2751,0.09249235114144505,5.05050505050505,14.14141414141414,31.313131313131315,29.292929292929294,15.151515151515152,4.040404040404041,1.0101010101010102,0.03423686489276579,0.0
303,2022-11-06,505,stale,31068,3013,0.09698081627397966,1.9801980198019802,18.81188118811881,29.7029702970297,26.732673267326735,14.85148514851485,5.9405940594059405,1.9801980198019802,0.001069599799828757,0.0
304,2022-11-07,506,begin,26096,2439,0.09346259963212752,0.0,6.0606060606060606,26.262626262626267,36.36363636363637,23.232323232323232,7.07070707070707,1.0101010101010102,0.04641549447654967,0.0
305,2022-11-08,507,spell,27213,2531,0.09300701870429574,0.0,4.040404040404041,24.242424242424242,37.37373737373738,24.242424242424242,9.090909090909092,1.0101010101010102,0.008673768678192967,1.0
306,2022-11-09,508,rainy,28984,2678,0.09239580458183826,0.9900990099009901,15.841584158415841,37.62376237623762,30.693069306930692,10.891089108910892,2.9702970297029703,0.9900990099009901,0.002503922928654706,0.0
307,2022-11-10,509,unite,27467,2575,0.09374886227108895,1.0,11.0,31.0,33.0,18.0,5.0,1.0,0.002932795898175834,0.0
308,2022-11-11,510,medal,25993,2438,0.09379448313007348,0.0,5.0,25.0,38.0,23.0,8.0,1.0,0.007898048389144506,0.0
309,2022-11-12,511,valet,24660,2356,0.09553933495539335,0.0,4.040404040404041,22.22222222222222,38.38383838383838,25.252525252525253,9.090909090909092,1.0101010101010102,0.0020783592335411826,0.0
310,2022-11-13,512,inane,25085,2515,0.10025911899541559,0.0,8.0,25.0,30.0,21.0,13.0,3.0,0.0003068580394097483,1.0
311,2022-11-14,513,maple,26536,2467,0.09296804341272234,1.0101010101010102,6.0606060606060606,26.262626262626267,36.36363636363637,21.21212121212121,8.080808080808081,1.0101010101010102,0.009898651938249329,0.0
312,2022-11-15,514,snarl,27475,2650,0.09645131938125569,0.0,5.0,21.0,31.0,24.0,15.0,4.0,0.0001691889536154551,0.0
313,2022-11-16,515,baker,25576,2541,0.09935095401939319,0.0,5.0,16.0,23.0,24.0,22.0,10.0,0.015170106337012653,0.0
314,2022-11-17,516,there,27465,2530,0.09211724012379392,0.0,14.000000000000002,35.0,33.0,14.000000000000002,4.0,0.0,0.7165847521604628,1.0
315,2022-11-18,517,glyph,29208,2899,0.09925362914270063,0.0,2.0,23.0,49.0,20.0,5.0,1.0,0.0006266598590456571,0.0
316,2022-11-19,518,avert,24749,2400,0.09697361509555942,0.0,7.000000000000001,26.0,35.0,22.0,9.0,1.0,0.0007648133784623111,0.0
317,2022-11-20,519,brave,24991,2396,0.09587451482533713,0.9900990099009901,5.9405940594059405,16.831683168316832,26.732673267326735,26.732673267326735,17.82178217821782,4.9504950495049505,0.00531677347073874,0.0
318,2022-11-21,520,axiom,24288,2382,0.09807312252964427,0.0,5.0,19.0,33.0,27.0,13.0,3.0,0.0015088768501001662,0.0
319,2022-11-22,521,prime,27437,2534,0.09235703611910923,1.0,10.0,26.0,32.0,21.0,9.0,1.0,0.03913212694542194,0.0
320,2022-11-23,522,drive,26663,2451,0.09192513970670967,1.0,12.0,32.0,30.0,18.0,6.0,1.0,0.11015272153199374,0.0
321,2022-11-24,523,feast,27705,2725,0.09835769716657643,4.9504950495049505,12.871287128712872,24.752475247524753,26.732673267326735,18.81188118811881,9.900990099009901,1.9801980198019802,0.0042382034728014155,0.0
322,2022-11-25,524,itchy,24197,2329,0.09625160143819482,0.0,8.0,28.000000000000004,40.0,18.0,5.0,1.0,0.001188469999442237,0.0
323,2022-11-26,525,clean,26381,2424,0.09188431067813957,1.0,17.0,36.0,31.0,12.0,3.0,0.0,0.04636117454610984,0.0
324,2022-11-27,526,happy,25206,2356,0.09346980877568833,0.0,6.0606060606060606,28.28282828282828,39.39393939393939,19.19191919191919,6.0606060606060606,1.0101010101010102,0.06484954286303694,1.0
325,2022-11-28,527,tepid,26051,2484,0.09535142604890408,0.0,10.1010101010101,38.38383838383838,35.35353535353536,13.131313131313133,3.0303030303030303,0.0,0.00020603861329444783,0.0
326,2022-11-29,528,undue,23739,2316,0.0975609756097561,0.0,2.9702970297029703,18.81188118811881,34.65346534653465,28.71287128712871,12.871287128712872,1.9801980198019802,0.0013883755195556987,1.0
327,2022-11-30,529,study,2569,2405,0.9361619307123394,0.0,6.0,30.0,33.0,19.0,10.0,2.0,0.15632617804943874,0.0
328,2022-12-01,530,eject,22628,2200,0.0972246773908432,0.0,2.0,11.0,35.0,36.0,14.000000000000002,2.0,0.0009360770161566534,1.0
329,2022-12-02,531,chafe,24646,2343,0.09506613649273715,0.0,6.0606060606060606,30.303030303030305,33.33333333333333,19.19191919191919,9.090909090909092,2.0202020202020203,0.00010193341904435809,0.0
330,2022-12-03,532,torso,23873,2260,0.09466761613538306,0.0,4.040404040404041,35.35353535353536,36.36363636363637,17.17171717171717,6.0606060606060606,1.0101010101010102,0.0017889990592125312,1.0
331,2022-12-04,533,adore,25577,2398,0.09375610900418345,1.9801980198019802,16.831683168316832,31.683168316831683,28.71287128712871,14.85148514851485,4.9504950495049505,0.9900990099009901,0.0011826169375113076,0.0
332,2022-12-05,534,woken,23153,2200,0.09502008379043753,0.0,2.0,10.0,25.0,36.0,23.0,4.0,0.0003528087147155834,0.0
333,2022-12-06,535,amber,23509,2261,0.09617593262154919,0.0,6.0,22.0,33.0,24.0,12.0,3.0,0.011289565113257183,0.0
334,2022-12-07,536,joust,24899,2388,0.09590746616329973,0.0,6.0,28.999999999999996,34.0,21.0,8.0,2.0,0.0001443234050246549,0.0
335,2022-12-08,537,infer,21199,1863,0.08788150384452097,0.0,3.061224489795918,19.387755102040817,33.6734693877551,26.53061224489796,14.285714285714285,3.061224489795918,0.0011093386870402687,0.0
336,2022-12-09,538,braid,23640,2165,0.09158206429780034,0.0,10.204081632653061,36.734693877551024,35.714285714285715,14.285714285714285,3.061224489795918,0.0,0.0009840451428771305,0.0
337,2022-12-10,539,knock,21157,2041,0.09646925367490665,0.0,3.0,18.0,43.0,27.0,8.0,1.0,0.005290872624132219,1.0
338,2022-12-11,540,nave,21947,2075,0.0945459516106985,1.0,7.000000000000001,24.0,32.0,24.0,11.0,1.0,0.0018696633894067806,0.0
339,2022-12-12,541,apply,22873,2150,0.09399728938049229,0.0,4.9504950495049505,27.722772277227726,37.62376237623762,21.782178217821784,6.9306930693069315,0.9900990099009901,0.07800238174754268,1.0
340,2022-12-13,542,spoke,24101,2224,0.09227832870005394,0.0,6.0606060606060606,31.313131313131315,38.38383838383838,19.19191919191919,5.05050505050505,0.0,0.011813254211219038,0.0
341,2022-12-14,543,usual,20824,2048,0.09834805993084902,0.0,3.0,20.0,39.0,27.0,10.0,1.0,0.0174006584669122,1.0
342,2022-12-15,544,rival,22176,2127,0.09591450216450216,0.0,7.000000000000001,27.0,35.0,22.0,8.0,1.0,0.004373317528941907,0.0
343,2022-12-16,545,probe,22853,2160,0.09451713123003544,0.0,6.0,24.0,32.0,24.0,11.0,3.0,0.009836564717661941,0.0
344,2022-12-17,546,chord,22336,2088,0.09348137535816618,0.0,7.000000000000001,39.0,38.0,13.0,3.0,0.0,0.0031726855883475727,0.0
345,2022-12-18,547,taper,22166,2108,0.09510060452945954,0.0,8.0,28.000000000000004,30.0,20.0,11.0,3.0,0.0013030395731424378,0.0
346,2022-12-19,548,slate,26010,2422,0.09311803152633602,6.0606060606060606,14.14141414141414,33.33333333333333,27.27272727272727,13.131313131313133,5.05050505050505,1.0101010101010102,0.0038783408322176157,0.0
347,2022-12-20,549,third,24137,2261,0.09367361312507769,0.9900990099009901,9.900990099009901,46.53465346534654,31.683168316831683,8.91089108910891,1.9801980198019802,0.0,0.09757162163311925,0.0
348,2022-12-21,550,lunar,22180,2036,0.09179440937781785,0.0,5.1020408163265305,32.6530612244898,40.816326530612244,17.346938775510203,4.081632653061225,0.0,0.0036717309142925776,0.0
349,2022-12-22,551,excel,20490,2034,0.0992679355783309,0.0,1.0101010101010102,13.131313131313133,34.34343434343434,34.34343434343434,15.151515151515152,2.0202020202020203,0.014425057645940292,1.0
350,2022-12-23,552,aorta,21937,2112,0.09627569859142089,0.0,6.9306930693069315,25.742574257425744,34.65346534653465,19.801980198019802,9.900990099009901,2.9702970297029703,0.0006356535634270399,1.0
351,2022-12-24,553,poise,20281,1911,0.09422612297224003,1.9801980198019802,10.891089108910892,33.663366336633665,31.683168316831683,14.85148514851485,5.9405940594059405,0.9900990099009901,0.00032721651569124195,0.0
352,2022-12-25,554,extra,15554,1562,0.10042432814710042,1.0,5.0,20.0,35.0,28.000000000000004,10.0,1.0,0.0606647977646761,0.0
353,2022-12-26,555,judge,20011,2043,0.10209384838338914,0.0,2.0202020202020203,8.080808080808081,16.161616161616163,26.262626262626267,33.33333333333333,14.14141414141414,0.031566612599684164,0.0
354,2022-12-27,556,condo,20879,2012,0.09636476842760669,0.0,2.0,17.0,35.0,28.999999999999996,14.000000000000002,3.0,0.006567196807214504,1.0
355,2022-12-28,557,impel,20160,1937,0.09608134920634921,0.0,3.0303030303030303,21.21212121212121,40.4040404040404,25.252525252525253,9.090909090909092,1.0101010101010102,6.883556490900811e-05,0.0
356,2022-12-29,558,havoc,20001,1919,0.09594520273986301,0.0,2.0,16.0,38.0,30.0,12.0,2.0,0.001709924979474808,0.0
357,2022-12-30,559,molar,21204,1973,0.09304848141860027,0.0,4.040404040404041,21.21212121212121,38.38383838383838,26.262626262626267,9.090909090909092,1.0101010101010102,0.0006450611826123385,0.0
358,2022-12-31,560,manly,20380,1899,0.09317958783120707,0.0,2.0202020202020203,17.17171717171717,37.37373737373738,29.292929292929294,12.121212121212121,2.0202020202020203,0.0012687122387376785,0.0
